workload,timestamp,container,cpu_percent,memory_usage,memory_percent
W1,20:09:46,student-service,5.12%,94.21MiB / 7.57GiB,1.22%
W1,20:09:46,result-service,0.14%,29.71MiB / 7.57GiB,0.38%
W1,20:09:46,course-service,0.65%,30.06MiB / 7.57GiB,0.39%
W1,20:09:49,student-service,10.91%,94.21MiB / 7.57GiB,1.22%
W1,20:09:49,result-service,0.63%,29.95MiB / 7.57GiB,0.39%
W1,20:09:49,course-service,0.58%,30.29MiB / 7.57GiB,0.39%
W1,20:09:53,student-service,8.22%,94.45MiB / 7.57GiB,1.22%
W1,20:09:53,result-service,0.64%,29.94MiB / 7.57GiB,0.39%
W1,20:09:53,course-service,0.79%,29.89MiB / 7.57GiB,0.39%
W1,20:09:57,student-service,11.43%,94.45MiB / 7.57GiB,1.22%
W1,20:09:57,result-service,1.16%,30.17MiB / 7.57GiB,0.39%
W1,20:09:57,course-service,0.64%,30.07MiB / 7.57GiB,0.39%
W1,20:10:01,student-service,8.10%,94.45MiB / 7.57GiB,1.22%
W1,20:10:01,result-service,0.66%,30.17MiB / 7.57GiB,0.39%
W1,20:10:01,course-service,0.66%,29.95MiB / 7.57GiB,0.39%
W1,20:10:05,student-service,9.34%,94.69MiB / 7.57GiB,1.22%
W1,20:10:05,result-service,0.75%,29.85MiB / 7.57GiB,0.39%
W1,20:10:05,course-service,1.49%,30.04MiB / 7.57GiB,0.39%
W1,20:10:08,student-service,9.18%,94.69MiB / 7.57GiB,1.22%
W1,20:10:08,result-service,0.82%,29.73MiB / 7.57GiB,0.38%
W1,20:10:08,course-service,0.87%,29.98MiB / 7.57GiB,0.39%
W1,20:10:12,student-service,7.02%,94.68MiB / 7.57GiB,1.22%
W1,20:10:12,result-service,0.71%,29.86MiB / 7.57GiB,0.39%
W1,20:10:12,course-service,0.63%,30.1MiB / 7.57GiB,0.39%
W1,20:10:16,student-service,0.15%,94.93MiB / 7.57GiB,1.22%
W1,20:10:16,result-service,0.12%,29.86MiB / 7.57GiB,0.39%
W1,20:10:16,course-service,0.13%,30.35MiB / 7.57GiB,0.39%
W1,20:10:20,student-service,0.16%,94.93MiB / 7.57GiB,1.22%
W1,20:10:20,result-service,0.15%,29.86MiB / 7.57GiB,0.39%
W1,20:10:20,course-service,0.17%,30.35MiB / 7.57GiB,0.39%
W2,20:10:28,student-service,7.02%,94.93MiB / 7.57GiB,1.22%
W2,20:10:28,result-service,0.47%,29.86MiB / 7.57GiB,0.39%
W2,20:10:28,course-service,0.14%,30.35MiB / 7.57GiB,0.39%
W2,20:10:31,student-service,25.56%,95.18MiB / 7.57GiB,1.23%
W2,20:10:31,result-service,4.53%,30.1MiB / 7.57GiB,0.39%
W2,20:10:31,course-service,1.34%,30.35MiB / 7.57GiB,0.39%
W2,20:10:35,student-service,18.22%,94.88MiB / 7.57GiB,1.22%
W2,20:10:35,result-service,1.70%,30.35MiB / 7.57GiB,0.39%
W2,20:10:35,course-service,1.43%,30.31MiB / 7.57GiB,0.39%
W2,20:10:38,student-service,22.86%,95.25MiB / 7.57GiB,1.23%
W2,20:10:38,result-service,3.07%,30.33MiB / 7.57GiB,0.39%
W2,20:10:38,course-service,1.42%,30.28MiB / 7.57GiB,0.39%
W2,20:10:42,student-service,22.82%,95.43MiB / 7.57GiB,1.23%
W2,20:10:42,result-service,1.10%,29.95MiB / 7.57GiB,0.39%
W2,20:10:42,course-service,1.36%,30.2MiB / 7.57GiB,0.39%
W2,20:10:45,student-service,17.97%,94.62MiB / 7.57GiB,1.22%
W2,20:10:45,result-service,1.05%,30.09MiB / 7.57GiB,0.39%
W2,20:10:45,course-service,1.09%,30.15MiB / 7.57GiB,0.39%
W2,20:10:49,student-service,20.54%,94.3MiB / 7.57GiB,1.22%
W2,20:10:49,result-service,1.27%,30.06MiB / 7.57GiB,0.39%
W2,20:10:49,course-service,1.53%,29.88MiB / 7.57GiB,0.39%
W2,20:10:53,student-service,18.65%,94.53MiB / 7.57GiB,1.22%
W2,20:10:53,result-service,1.45%,30.29MiB / 7.57GiB,0.39%
W2,20:10:53,course-service,1.46%,29.83MiB / 7.57GiB,0.38%
W2,20:10:56,student-service,15.32%,94.97MiB / 7.57GiB,1.23%
W2,20:10:56,result-service,0.89%,30.03MiB / 7.57GiB,0.39%
W2,20:10:56,course-service,1.44%,30.08MiB / 7.57GiB,0.39%
W2,20:11:00,student-service,0.13%,94.97MiB / 7.57GiB,1.23%
W2,20:11:00,result-service,0.14%,30.03MiB / 7.57GiB,0.39%
W2,20:11:00,course-service,0.13%,30.33MiB / 7.57GiB,0.39%
W2,20:11:03,student-service,0.15%,94.97MiB / 7.57GiB,1.23%
W2,20:11:03,result-service,0.13%,30.03MiB / 7.57GiB,0.39%
W2,20:11:03,course-service,0.15%,30.33MiB / 7.57GiB,0.39%
W3,20:11:11,student-service,0.15%,94.97MiB / 7.57GiB,1.23%
W3,20:11:11,result-service,0.82%,30.02MiB / 7.57GiB,0.39%
W3,20:11:11,course-service,0.73%,30.06MiB / 7.57GiB,0.39%
W3,20:11:14,student-service,26.11%,94.95MiB / 7.57GiB,1.22%
W3,20:11:14,result-service,1.84%,30.01MiB / 7.57GiB,0.39%
W3,20:11:14,course-service,0.96%,30.06MiB / 7.57GiB,0.39%
W3,20:11:18,student-service,35.67%,94.9MiB / 7.57GiB,1.22%
W3,20:11:18,result-service,1.49%,30.25MiB / 7.57GiB,0.39%
W3,20:11:18,course-service,1.48%,29.73MiB / 7.57GiB,0.38%
W3,20:11:22,student-service,29.03%,95.54MiB / 7.57GiB,1.23%
W3,20:11:22,result-service,2.37%,29.96MiB / 7.57GiB,0.39%
W3,20:11:22,course-service,2.08%,29.94MiB / 7.57GiB,0.39%
W3,20:11:26,student-service,32.62%,95.58MiB / 7.57GiB,1.23%
W3,20:11:26,result-service,2.10%,29.92MiB / 7.57GiB,0.39%
W3,20:11:26,course-service,2.12%,29.85MiB / 7.57GiB,0.39%
W3,20:11:30,student-service,30.07%,94.91MiB / 7.57GiB,1.22%
W3,20:11:30,result-service,1.55%,29.66MiB / 7.57GiB,0.38%
W3,20:11:30,course-service,2.23%,29.85MiB / 7.57GiB,0.39%
W3,20:11:34,student-service,33.47%,94.82MiB / 7.57GiB,1.22%
W3,20:11:34,result-service,2.34%,29.88MiB / 7.57GiB,0.39%
W3,20:11:34,course-service,3.65%,30.09MiB / 7.57GiB,0.39%
W3,20:11:37,student-service,37.65%,94.98MiB / 7.57GiB,1.23%
W3,20:11:37,result-service,1.84%,29.84MiB / 7.57GiB,0.38%
W3,20:11:37,course-service,2.41%,30.06MiB / 7.57GiB,0.39%
W3,20:11:41,student-service,27.47%,95.17MiB / 7.57GiB,1.23%
W3,20:11:41,result-service,0.13%,29.8MiB / 7.57GiB,0.38%
W3,20:11:41,course-service,0.14%,30.04MiB / 7.57GiB,0.39%
W3,20:11:45,student-service,0.19%,95.17MiB / 7.57GiB,1.23%
W3,20:11:45,result-service,0.14%,29.8MiB / 7.57GiB,0.38%
W3,20:11:45,course-service,0.17%,30.04MiB / 7.57GiB,0.39%
W4,20:11:53,student-service,29.42%,95.4MiB / 7.57GiB,1.23%
W4,20:11:53,result-service,2.08%,29.79MiB / 7.57GiB,0.38%
W4,20:11:53,course-service,0.13%,30.04MiB / 7.57GiB,0.39%
W4,20:11:58,student-service,55.41%,95.03MiB / 7.57GiB,1.23%
W4,20:11:58,result-service,5.81%,30MiB / 7.57GiB,0.39%
W4,20:11:58,course-service,3.82%,29.99MiB / 7.57GiB,0.39%
W4,20:12:02,student-service,57.15%,95.11MiB / 7.57GiB,1.23%
W4,20:12:02,result-service,5.10%,29.71MiB / 7.57GiB,0.38%
W4,20:12:02,course-service,3.50%,30.19MiB / 7.57GiB,0.39%
W4,20:12:06,student-service,54.46%,94.4MiB / 7.57GiB,1.22%
W4,20:12:06,result-service,3.63%,30.16MiB / 7.57GiB,0.39%
W4,20:12:06,course-service,3.48%,30.42MiB / 7.57GiB,0.39%
W4,20:12:10,student-service,51.19%,95.38MiB / 7.57GiB,1.23%
W4,20:12:10,result-service,2.68%,30.12MiB / 7.57GiB,0.39%
W4,20:12:10,course-service,3.34%,30.14MiB / 7.57GiB,0.39%
W4,20:12:15,student-service,48.90%,94.66MiB / 7.57GiB,1.22%
W4,20:12:15,result-service,2.87%,30.06MiB / 7.57GiB,0.39%
W4,20:12:15,course-service,4.19%,30.07MiB / 7.57GiB,0.39%
W4,20:12:19,student-service,56.64%,95.3MiB / 7.57GiB,1.23%
W4,20:12:19,result-service,3.91%,30.26MiB / 7.57GiB,0.39%
W4,20:12:19,course-service,3.98%,30.25MiB / 7.57GiB,0.39%
W4,20:12:22,student-service,9.97%,95.09MiB / 7.57GiB,1.23%
W4,20:12:22,result-service,0.83%,30.22MiB / 7.57GiB,0.39%
W4,20:12:22,course-service,3.34%,30.21MiB / 7.57GiB,0.39%
W4,20:12:26,student-service,0.15%,95.08MiB / 7.57GiB,1.23%
W4,20:12:26,result-service,0.12%,30.22MiB / 7.57GiB,0.39%
W4,20:12:26,course-service,0.12%,30.46MiB / 7.57GiB,0.39%
W4,20:12:30,student-service,0.15%,95.08MiB / 7.57GiB,1.23%
W4,20:12:30,result-service,0.13%,30.22MiB / 7.57GiB,0.39%
W4,20:12:30,course-service,0.13%,30.46MiB / 7.57GiB,0.39%
W5,20:12:38,student-service,0.11%,95.08MiB / 7.57GiB,1.23%
W5,20:12:38,result-service,2.13%,30.19MiB / 7.57GiB,0.39%
W5,20:12:38,course-service,0.14%,30.46MiB / 7.57GiB,0.39%
W5,20:12:42,student-service,54.64%,95.3MiB / 7.57GiB,1.23%
W5,20:12:42,result-service,5.04%,30.17MiB / 7.57GiB,0.39%
W5,20:12:42,course-service,2.81%,29.83MiB / 7.57GiB,0.38%
W5,20:12:47,student-service,70.46%,94.12MiB / 7.57GiB,1.21%
W5,20:12:47,result-service,5.93%,30.34MiB / 7.57GiB,0.39%
W5,20:12:47,course-service,6.09%,29.72MiB / 7.57GiB,0.38%
W5,20:12:52,student-service,67.39%,94.4MiB / 7.57GiB,1.22%
W5,20:12:52,result-service,5.87%,30.29MiB / 7.57GiB,0.39%
W5,20:12:52,course-service,5.55%,30.4MiB / 7.57GiB,0.39%
W5,20:12:57,student-service,79.06%,94.38MiB / 7.57GiB,1.22%
W5,20:12:57,result-service,5.42%,30.7MiB / 7.57GiB,0.40%
W5,20:12:57,course-service,4.02%,30.36MiB / 7.57GiB,0.39%
W5,20:13:01,student-service,77.50%,94.25MiB / 7.57GiB,1.22%
W5,20:13:01,result-service,5.31%,30.89MiB / 7.57GiB,0.40%
W5,20:13:01,course-service,5.48%,30.49MiB / 7.57GiB,0.39%
W5,20:13:05,student-service,76.63%,94.3MiB / 7.57GiB,1.22%
W5,20:13:05,result-service,5.87%,30.87MiB / 7.57GiB,0.40%
W5,20:13:05,course-service,4.57%,30.69MiB / 7.57GiB,0.40%
W5,20:13:09,student-service,0.13%,94.44MiB / 7.57GiB,1.22%
W5,20:13:09,result-service,0.14%,30.82MiB / 7.57GiB,0.40%
W5,20:13:09,course-service,0.12%,30.67MiB / 7.57GiB,0.40%
W5,20:13:13,student-service,0.17%,94.43MiB / 7.57GiB,1.22%
W5,20:13:13,result-service,0.17%,30.82MiB / 7.57GiB,0.40%
W5,20:13:13,course-service,0.11%,30.67MiB / 7.57GiB,0.40%
